duration,protocol_type,service,flag,src_bytes,dst_bytes,land,wrong_fragment,urgent,hot,num_failed_logins,logged_in,num_compromised,root_shell,su_attempted,num_root,num_file_creations,num_shells,num_access_files,num_outbound_cmds,is_host_login,is_guest_login,count,srv_count,serror_rate,srv_serror_rate,rerror_rate,srv_rerror_rate,same_srv_rate,diff_srv_rate,srv_diff_host_rate,dst_host_count,dst_host_srv_count,dst_host_same_srv_rate,dst_host_diff_srv_rate,dst_host_same_src_port_rate,dst_host_srv_diff_host_rate,dst_host_serror_rate,dst_host_srv_serror_rate,dst_host_rerror_rate,dst_host_srv_rerror_rate,label,attack_category,binary_label
0,tcp,http,SF,217,1478,0,0,0,0,0,1,0,0,0,0,0,0,0,0,0,0,11,18,0.0,0.0,0.0,0.0,1.0,0.0,0.11,65,255,1.0,0.0,0.02,0.06,0.0,0.0,0.0,0.0,normal,Normal,Normal
0,tcp,ftp_data,SF,2447,0,0,0,0,0,0,0,0,0,0,0,0,0,0,0,0,0,1,1,0.0,0.0,0.0,0.0,1.0,0.0,0.0,12,55,0.42,0.17,0.42,0.05,0.0,0.0,0.0,0.0,normal,Normal,Normal
0,tcp,http,SF,241,1608,0,0,0,0,0,1,0,0,0,0,0,0,0,0,0,0,6,6,0.0,0.0,0.0,0.0,1.0,0.0,0.0,26,255,1.0,0.0,0.04,0.06,0.04,0.0,0.0,0.0,normal,Normal,Normal
0,icmp,urp_i,SF,36,0,0,0,0,0,0,0,0,0,0,0,0,0,0,0,0,0,1,1,0.0,0.0,0.0,0.0,1.0,0.0,0.0,138,37,0.27,0.06,0.27,0.0,0.01,0.0,0.0,0.0,normal,Normal,Normal
0,tcp,http,SF,219,2049,0,0,0,0,0,1,0,0,0,0,0,0,0,0,0,0,63,63,0.0,0.0,0.0,0.0,1.0,0.0,0.0,63,255,1.0,0.0,0.02,0.06,0.0,0.0,0.0,0.0,normal,Normal,Normal
0,tcp,http,SF,215,20934,0,0,0,0,0,1,0,0,0,0,0,0,0,0,0,0,5,6,0.0,0.0,0.0,0.0,1.0,0.0,0.33,66,255,1.0,0.0,0.02,0.04,0.0,0.0,0.0,0.0,normal,Normal,Normal
0,tcp,http,SF,207,3414,0,0,0,0,0,1,0,0,0,0,0,0,0,0,0,0,19,19,0.0,0.0,0.0,0.0,1.0,0.0,0.0,152,255,1.0,0.0,0.01,0.02,0.0,0.0,0.0,0.0,normal,Normal,Normal
0,tcp,http,SF,221,382,0,0,0,0,0,1,0,0,0,0,0,0,0,0,0,0,2,2,0.0,0.0,0.0,0.0,1.0,0.0,0.0,18,44,1.0,0.0,0.06,0.09,0.0,0.0,0.0,0.0,normal,Normal,Normal
0,tcp,http,SF,223,587,0,0,0,0,0,1,0,0,0,0,0,0,0,0,0,0,5,5,0.0,0.0,0.0,0.0,1.0,0.0,0.0,24,255,1.0,0.0,0.04,0.04,0.0,0.0,0.0,0.0,normal,Normal,Normal
0,tcp,http,SF,192,307,0,0,0,0,0,1,0,0,0,0,0,0,0,0,0,0,11,14,0.0,0.0,0.0,0.0,1.0,0.0,0.14,255,255,1.0,0.0,0.0,0.0,0.0,0.0,0.0,0.0,normal,Normal,Normal
0,tcp,http,SF,248,432,0,0,0,0,0,1,0,0,0,0,0,0,0,0,0,0,1,1,0.0,0.0,0.0,0.0,1.0,0.0,0.0,6,255,1.0,0.0,0.17,0.03,0.0,0.0,0.0,0.0,normal,Normal,Normal
0,udp,domain_u,SF,42,42,0,0,0,0,0,0,0,0,0,0,0,0,0,0,0,0,12,23,0.0,0.0,0.0,0.0,1.0,0.0,0.13,255,247,0.97,0.01,0.01,0.0,0.0,0.0,0.0,0.0,normal,Normal,Normal
0,tcp,http,SF,224,855,0,0,0,0,0,1,0,0,0,0,0,0,0,0,0,0,4,4,0.0,0.0,0.0,0.0,1.0,0.0,0.0,56,255,1.0,0.0,0.04,0.02,0.02,0.0,0.0,0.0,normal,Normal,Normal
0,tcp,http,SF,246,2585,0,0,0,0,0,1,0,0,0,0,0,0,0,0,0,0,9,9,0.0,0.0,0.0,0.0,1.0,0.0,0.0,198,255,1.0,0.0,0.01,0.01,0.0,0.0,0.0,0.0,normal,Normal,Normal
0,tcp,http,SF,225,263,0,0,0,0,0,1,0,0,0,0,0,0,0,0,0,0,16,21,0.0,0.0,0.0,0.0,1.0,0.0,0.19,255,255,1.0,0.0,0.0,0.0,0.0,0.0,0.0,0.0,normal,Normal,Normal
0,tcp,http,SF,342,2631,0,0,0,0,0,1,0,0,0,0,0,0,0,0,0,0,19,38,0.0,0.0,0.0,0.0,1.0,0.0,0.11,255,255,1.0,0.0,0.0,0.0,0.0,0.0,0.0,0.0,normal,Normal,Normal
0,tcp,http,SF,318,1599,0,0,0,0,0,1,0,0,0,0,0,0,0,0,0,0,23,23,0.0,0.0,0.0,0.0,1.0,0.0,0.0,138,255,1.0,0.0,0.01,0.04,0.0,0.0,0.0,0.0,normal,Normal,Normal
1,tcp,smtp,SF,1613,329,0,0,0,0,0,1,0,0,0,0,0,0,0,0,0,0,1,2,0.0,0.0,0.0,0.0,1.0,0.0,1.0,45,169,0.69,0.09,0.02,0.01,0.0,0.0,0.0,0.01,normal,Normal,Normal
0,tcp,http,SF,228,2239,0,0,0,0,0,1,0,0,0,0,0,0,0,0,0,0,2,2,0.0,0.0,0.0,0.0,1.0,0.0,0.0,255,143,0.56,0.2,0.0,0.0,0.01,0.01,0.39,0.01,normal,Normal,Normal
1,tcp,smtp,SF,1539,280,0,0,0,0,0,1,0,0,0,0,0,0,0,0,0,0,1,6,0.0,0.0,0.0,0.0,1.0,0.0,1.0,255,35,0.14,0.02,0.0,0.0,0.0,0.0,0.13,0.0,normal,Normal,Normal
0,tcp,http,SF,230,64498,0,0,0,0,0,1,0,0,0,0,0,0,0,0,0,0,1,20,0.0,0.0,0.0,0.0,1.0,0.0,0.1,255,255,1.0,0.0,0.0,0.0,0.0,0.0,0.0,0.0,normal,Normal,Normal
0,tcp,http,SF,211,1227,0,0,0,0,0,1,0,0,0,0,0,0,0,0,0,0,3,57,0.0,0.0,0.0,0.0,1.0,0.0,0.04,237,237,1.0,0.0,0.0,0.0,0.0,0.0,0.0,0.0,normal,Normal,Normal
0,udp,domain_u,SF,29,29,0,0,0,0,0,0,0,0,0,0,0,0,0,0,0,0,5,6,0.0,0.0,0.0,0.0,1.0,0.0,0.33,255,255,1.0,0.0,0.0,0.0,0.0,0.0,0.0,0.0,normal,Normal,Normal
0,tcp,http,SF,235,261,0,0,0,0,0,1,0,0,0,0,0,0,0,0,0,0,4,5,0.0,0.0,0.0,0.0,1.0,0.0,0.4,4,255,1.0,0.0,0.25,0.01,0.0,0.0,0.0,0.0,normal,Normal,Normal
0,tcp,http,SF,349,1738,0,0,0,0,0,1,0,0,0,0,0,0,0,0,0,0,10,10,0.0,0.0,0.0,0.0,1.0,0.0,0.0,255,255,1.0,0.0,0.0,0.0,0.0,0.0,0.0,0.0,normal,Normal,Normal
0,tcp,http,SF,328,2439,0,0,0,0,0,1,0,0,0,0,0,0,0,0,0,0,4,4,0.0,0.0,0.0,0.0,1.0,0.0,0.0,174,238,1.0,0.0,0.01,0.01,0.01,0.0,0.0,0.0,normal,Normal,Normal
0,tcp,http,SF,238,2936,0,0,0,0,0,1,0,0,0,0,0,0,0,0,0,0,5,5,0.0,0.0,0.0,0.0,1.0,0.0,0.0,255,255,1.0,0.0,0.0,0.0,0.0,0.0,0.0,0.0,normal,Normal,Normal
0,tcp,http,SF,224,825,0,0,0,0,0,1,0,0,0,0,0,0,0,0,0,0,4,5,0.0,0.0,0.0,0.0,1.0,0.0,0.4,4,255,1.0,0.0,0.25,0.06,0.0,0.0,0.0,0.0,normal,Normal,Normal
0,tcp,smtp,SF,102,398,0,0,0,0,0,1,0,0,0,0,0,0,0,0,0,0,2,1,0.0,0.0,0.0,0.0,0.5,1.0,0.0,91,66,0.73,0.08,0.01,0.0,0.0,0.0,0.0,0.0,normal,Normal,Normal
0,tcp,http,SF,222,333,0,0,0,0,0,1,0,0,0,0,0,0,0,0,0,0,4,4,0.0,0.0,0.0,0.0,1.0,0.0,0.0,137,237,1.0,0.0,0.01,0.03,0.0,0.0,0.0,0.0,normal,Normal,Normal
0,tcp,http,SF,232,2239,0,0,0,0,0,1,0,0,0,0,0,0,0,0,0,0,7,7,0.0,0.0,0.0,0.0,1.0,0.0,0.0,255,255,1.0,0.0,0.0,0.0,0.0,0.0,0.0,0.0,normal,Normal,Normal
0,tcp,http,SF,339,2226,0,0,0,0,0,1,0,0,0,0,0,0,0,0,0,0,1,14,0.0,0.0,0.0,0.0,1.0,0.0,0.14,255,255,1.0,0.0,0.0,0.0,0.0,0.0,0.0,0.0,normal,Normal,Normal
0,udp,private,SF,54,55,0,0,0,0,0,0,0,0,0,0,0,0,0,0,0,0,509,509,0.0,0.0,0.0,0.0,1.0,0.0,0.0,255,255,1.0,0.0,0.86,0.0,0.0,0.0,0.0,0.0,normal,Normal,Normal
0,tcp,http,SF,230,480,0,0,0,0,0,1,0,0,0,0,0,0,0,0,0,0,10,10,0.0,0.0,0.0,0.0,1.0,0.0,0.0,255,255,1.0,0.0,0.0,0.0,0.0,0.0,0.0,0.0,normal,Normal,Normal
4,tcp,smtp,SF,1216,332,0,0,0,0,0,1,0,0,0,0,0,0,0,0,0,0,1,1,0.0,0.0,0.0,0.0,1.0,0.0,0.0,99,113,0.54,0.05,0.01,0.02,0.0,0.0,0.0,0.0,normal,Normal,Normal
0,tcp,http,SF,316,1379,0,0,0,0,0,1,0,0,0,0,0,0,0,0,0,0,3,4,0.0,0.0,0.0,0.0,1.0,0.0,0.5,3,253,1.0,0.0,0.33,0.06,0.0,0.0,0.0,0.0,normal,Normal,Normal
0,tcp,ftp_data,SF,319,0,0,0,0,0,0,0,0,0,0,0,0,0,0,0,0,0,3,2,0.0,0.0,0.0,0.0,0.67,0.67,0.0,255,107,0.42,0.03,0.42,0.0,0.0,0.0,0.0,0.0,normal,Normal,Normal
0,tcp,http,SF,361,3817,0,0,0,0,0,1,0,0,0,0,0,0,0,0,0,0,6,6,0.0,0.0,0.0,0.0,1.0,0.0,0.0,255,255,1.0,0.0,0.0,0.0,0.0,0.0,0.0,0.0,normal,Normal,Normal
0,tcp,http,SF,235,63112,0,0,0,0,0,1,0,0,0,0,0,0,0,0,0,0,3,3,0.0,0.0,0.0,0.0,1.0,0.0,0.0,233,255,1.0,0.0,0.0,0.01,0.0,0.0,0.0,0.0,normal,Normal,Normal
0,tcp,http,SF,253,303,0,0,0,0,0,1,0,0,0,0,0,0,0,0,0,0,15,25,0.0,0.0,0.0,0.0,1.0,0.0,0.08,255,255,1.0,0.0,0.0,0.0,0.0,0.0,0.0,0.0,normal,Normal,Normal
0,tcp,http,SF,197,1026,0,0,0,0,0,1,0,0,0,0,0,0,0,0,0,0,18,18,0.0,0.0,0.0,0.0,1.0,0.0,0.0,55,255,1.0,0.0,0.02,0.04,0.0,0.0,0.0,0.0,normal,Normal,Normal
0,tcp,http,SF,311,2741,0,0,0,0,0,1,0,0,0,0,0,0,0,0,0,0,15,16,0.0,0.0,0.0,0.0,1.0,0.0,0.12,99,255,1.0,0.0,0.01,0.02,0.0,0.0,0.0,0.0,normal,Normal,Normal
0,tcp,finger,SF,7,277,0,0,0,0,0,0,0,0,0,0,0,0,0,0,0,0,1,1,0.0,0.0,0.0,0.0,1.0,0.0,0.0,7,1,0.14,0.43,0.14,0.0,0.0,0.0,0.0,0.0,normal,Normal,Normal
0,tcp,http,SF,249,5656,0,0,0,0,0,1,0,0,0,0,0,0,0,0,0,0,9,9,0.0,0.0,0.0,0.0,1.0,0.0,0.0,176,242,1.0,0.0,0.01,0.04,0.0,0.0,0.0,0.0,normal,Normal,Normal
0,tcp,http,SF,215,260,0,0,0,0,0,1,0,0,0,0,0,0,0,0,0,0,1,24,0.0,0.0,0.0,0.0,1.0,0.0,0.08,17,255,1.0,0.0,0.06,0.05,0.0,0.0,0.0,0.0,normal,Normal,Normal
0,tcp,http,SF,336,13394,0,0,0,0,0,1,0,0,0,0,0,0,0,0,0,0,17,17,0.0,0.0,0.0,0.0,1.0,0.0,0.0,255,255,1.0,0.0,0.0,0.0,0.0,0.0,0.0,0.0,normal,Normal,Normal
0,tcp,http,SF,208,2244,0,0,0,0,0,1,0,0,0,0,0,0,0,0,0,0,9,11,0.0,0.0,0.0,0.0,1.0,0.0,0.27,25,251,1.0,0.0,0.04,0.03,0.0,0.0,0.0,0.0,normal,Normal,Normal
0,udp,private,SF,105,105,0,0,0,0,0,0,0,0,0,0,0,0,0,0,0,0,2,2,0.0,0.0,0.0,0.0,1.0,0.0,0.0,255,255,1.0,0.0,0.01,0.0,0.0,0.0,0.0,0.0,normal,Normal,Normal
0,tcp,http,SF,157,532,0,0,0,0,0,1,0,0,0,0,0,0,0,0,0,0,1,2,0.0,0.0,0.0,0.0,1.0,0.0,1.0,1,237,1.0,0.0,1.0,0.04,0.0,0.0,0.0,0.0,normal,Normal,Normal
0,tcp,http,SF,293,771,0,0,0,0,0,1,0,0,0,0,0,0,0,0,0,0,13,17,0.0,0.0,0.0,0.0,1.0,0.0,0.12,255,255,1.0,0.0,0.0,0.0,0.0,0.0,0.0,0.0,normal,Normal,Normal
0,tcp,http,SF,284,284,0,0,0,0,0,1,0,0,0,0,0,0,0,0,0,0,24,24,0.0,0.0,0.0,0.0,1.0,0.0,0.0,255,255,1.0,0.0,0.0,0.0,0.0,0.0,0.0,0.0,normal,Normal,Normal
0,tcp,ftp_data,SF,11,0,0,0,0,0,0,0,0,0,0,0,0,0,0,0,0,0,1,1,0.0,0.0,0.0,0.0,1.0,0.0,0.0,123,17,0.03,0.02,0.03,0.12,0.81,0.0,0.0,0.0,normal,Normal,Normal
0,tcp,http,SF,243,398,0,0,0,0,0,1,0,0,0,0,0,0,0,0,0,0,22,22,0.0,0.0,0.0,0.0,1.0,0.0,0.0,64,255,1.0,0.0,0.02,0.02,0.0,0.0,0.0,0.0,normal,Normal,Normal
0,udp,private,SF,105,146,0,0,0,0,0,0,0,0,0,0,0,0,0,0,0,0,4,3,0.0,0.0,0.0,0.0,0.75,0.5,0.0,255,253,0.99,0.01,0.0,0.0,0.0,0.0,0.0,0.0,normal,Normal,Normal
0,tcp,http,SF,342,4589,0,0,0,0,0,1,0,0,0,0,0,0,0,0,0,0,11,30,0.0,0.0,0.0,0.0,1.0,0.0,0.17,198,255,1.0,0.0,0.01,0.02,0.0,0.0,0.0,0.0,normal,Normal,Normal
0,tcp,ftp_data,SF,641,0,0,0,0,0,0,0,0,0,0,0,0,0,0,0,0,0,2,2,0.0,0.0,0.0,0.0,1.0,0.0,0.0,79,19,0.24,0.04,0.24,0.0,0.0,0.0,0.0,0.0,normal,Normal,Normal
0,tcp,http,SF,280,4224,0,0,0,0,0,1,0,0,0,0,0,0,0,0,0,0,5,9,0.0,0.0,0.0,0.0,1.0,0.0,0.22,5,255,1.0,0.0,0.2,0.02,0.0,0.0,0.0,0.0,normal,Normal,Normal
1,tcp,ftp_data,SF,11629,0,0,0,0,0,0,0,0,0,0,0,0,0,0,0,0,0,2,2,0.0,0.0,0.0,0.0,1.0,0.0,0.0,255,12,0.05,0.02,0.05,0.0,0.0,0.0,0.0,0.0,normal,Normal,Normal
0,tcp,http,SF,278,1665,0,0,0,0,0,1,0,0,0,0,0,0,0,0,0,0,9,9,0.0,0.0,0.0,0.0,1.0,0.0,0.0,9,255,1.0,0.0,0.11,0.03,0.0,0.0,0.0,0.0,normal,Normal,Normal
0,udp,other,SF,1,1,0,0,0,0,0,0,0,0,0,0,0,0,0,0,0,0,159,10,0.0,0.0,0.0,0.0,0.06,0.47,0.0,255,10,0.04,0.65,1.0,0.0,0.0,0.0,0.0,0.0,normal,Normal,Normal
0,tcp,http,SF,321,864,0,0,0,0,0,1,0,0,0,0,0,0,0,0,0,0,36,36,0.0,0.0,0.0,0.0,1.0,0.0,0.0,255,255,1.0,0.0,0.0,0.0,0.0,0.0,0.0,0.0,normal,Normal,Normal
0,tcp,http,SF,178,464,0,0,0,0,0,1,0,0,0,0,0,0,0,0,0,0,1,1,0.0,0.0,0.0,0.0,1.0,0.0,0.0,255,255,1.0,0.0,0.0,0.0,0.0,0.0,0.0,0.0,normal,Normal,Normal
0,tcp,finger,SF,12,177,0,0,0,0,0,0,0,0,0,0,0,0,0,0,0,0,1,1,0.0,0.0,0.0,0.0,1.0,0.0,0.0,32,8,0.09,0.06,0.03,0.25,0.0,0.0,0.0,0.0,normal,Normal,Normal
0,tcp,http,SF,213,276,0,0,0,0,0,1,0,0,0,0,0,0,0,0,0,0,5,22,0.0,0.0,0.0,0.0,1.0,0.0,0.23,255,255,1.0,0.0,0.0,0.0,0.0,0.0,0.0,0.0,normal,Normal,Normal
0,tcp,http,SF,278,3496,0,0,0,0,0,1,0,0,0,0,0,0,0,0,0,0,10,10,0.0,0.0,0.0,0.0,1.0,0.0,0.0,10,255,1.0,0.0,0.1,0.02,0.0,0.0,0.0,0.0,normal,Normal,Normal
0,tcp,http,SF,310,1617,0,0,0,0,0,1,0,0,0,0,0,0,0,0,0,0,17,17,0.0,0.0,0.0,0.0,1.0,0.0,0.0,155,255,1.0,0.0,0.01,0.02,0.0,0.0,0.0,0.0,normal,Normal,Normal
0,tcp,ftp_data,SF,9,0,0,0,0,0,0,0,0,0,0,0,0,0,0,0,0,0,2,2,0.0,0.0,0.0,0.0,1.0,0.0,0.0,255,40,0.16,0.02,0.16,0.0,0.55,0.0,0.02,0.0,normal,Normal,Normal
0,tcp,http,SF,318,426,0,0,0,0,0,1,0,0,0,0,0,0,0,0,0,0,1,1,0.0,0.0,0.0,0.0,1.0,0.0,0.0,8,196,1.0,0.0,0.12,0.04,0.0,0.0,0.0,0.0,normal,Normal,Normal
41,tcp,smtp,SF,11543,1370,0,0,0,0,0,1,0,0,0,0,0,0,0,0,0,0,1,1,0.0,0.0,0.0,0.0,1.0,0.0,0.0,130,193,0.62,0.02,0.01,0.01,0.0,0.0,0.0,0.0,normal,Normal,Normal
0,tcp,http,SF,228,2256,0,0,0,0,0,1,0,0,0,0,0,0,0,0,0,0,3,13,0.0,0.0,0.0,0.0,1.0,0.0,0.23,87,87,1.0,0.0,0.01,0.0,0.0,0.0,0.0,0.0,normal,Normal,Normal
0,tcp,http,SF,233,14208,0,0,0,0,0,1,0,0,0,0,0,0,0,0,0,0,3,3,0.0,0.0,0.0,0.0,1.0,0.0,0.0,255,255,1.0,0.0,0.0,0.0,0.0,0.0,0.0,0.0,normal,Normal,Normal
0,udp,domain_u,SF,46,144,0,0,0,0,0,0,0,0,0,0,0,0,0,0,0,0,3,5,0.0,0.0,0.0,0.0,1.0,0.0,0.4,255,255,1.0,0.0,0.0,0.0,0.0,0.0,0.0,0.0,normal,Normal,Normal
0,tcp,http,SF,308,1512,0,0,0,0,0,1,0,0,0,0,0,0,0,0,0,0,13,33,0.0,0.0,0.0,0.0,1.0,0.0,0.09,255,255,1.0,0.0,0.0,0.0,0.0,0.0,0.0,0.0,normal,Normal,Normal
0,tcp,http,SF,328,398,0,0,0,0,0,1,0,0,0,0,0,0,0,0,0,0,9,17,0.0,0.0,0.0,0.0,1.0,0.0,0.29,255,255,1.0,0.0,0.0,0.0,0.0,0.0,0.0,0.0,normal,Normal,Normal
0,tcp,http,SF,345,6256,0,0,0,0,0,1,0,0,0,0,0,0,0,0,0,0,3,3,0.33,0.33,0.0,0.0,1.0,0.0,0.0,255,255,1.0,0.0,0.0,0.0,0.0,0.0,0.0,0.0,normal,Normal,Normal
0,udp,private,SF,54,53,0,0,0,0,0,0,0,0,0,0,0,0,0,0,0,0,511,511,0.0,0.0,0.0,0.0,1.0,0.0,0.0,255,255,1.0,0.0,0.95,0.0,0.0,0.0,0.0,0.0,normal,Normal,Normal
0,udp,domain_u,SF,42,42,0,0,0,0,0,0,0,0,0,0,0,0,0,0,0,0,9,13,0.0,0.0,0.0,0.0,1.0,0.0,0.15,255,252,0.99,0.01,0.01,0.0,0.0,0.0,0.0,0.0,normal,Normal,Normal
0,tcp,http,SF,295,2044,0,0,0,0,0,1,0,0,0,0,0,0,0,0,0,0,2,2,0.0,0.0,0.0,0.0,1.0,0.0,0.0,80,255,1.0,0.0,0.01,0.01,0.0,0.0,0.0,0.0,normal,Normal,Normal
0,tcp,http,SF,215,2683,0,0,0,0,0,1,0,0,0,0,0,0,0,0,0,0,23,23,0.0,0.0,0.0,0.0,1.0,0.0,0.0,255,255,1.0,0.0,0.0,0.0,0.0,0.0,0.0,0.0,normal,Normal,Normal
0,udp,private,SF,1,0,0,0,0,0,0,0,0,0,0,0,0,0,0,0,0,0,114,18,0.0,0.0,0.0,0.0,0.16,0.71,0.0,255,25,0.1,0.56,0.88,0.0,0.0,0.0,0.12,0.0,normal,Normal,Normal
0,tcp,http,SF,330,3341,0,0,0,0,0,1,0,0,0,0,0,0,0,0,0,0,12,19,0.0,0.0,0.0,0.0,1.0,0.0,0.11,255,255,1.0,0.0,0.0,0.0,0.0,0.0,0.0,0.0,normal,Normal,Normal
0,udp,private,SF,52,55,0,0,0,0,0,0,0,0,0,0,0,0,0,0,0,0,511,511,0.0,0.0,0.0,0.0,1.0,0.0,0.0,255,255,1.0,0.0,0.91,0.0,0.0,0.0,0.0,0.0,normal,Normal,Normal
0,tcp,http,SF,316,5916,0,0,0,0,0,1,0,0,0,0,0,0,0,0,0,0,4,4,0.0,0.0,0.0,0.0,1.0,0.0,0.0,255,255,1.0,0.0,0.0,0.0,0.0,0.0,0.0,0.0,normal,Normal,Normal
0,tcp,http,SF,274,278,0,0,0,0,0,1,0,0,0,0,0,0,0,0,0,0,16,18,0.0,0.0,0.0,0.0,1.0,0.0,0.11,255,255,1.0,0.0,0.0,0.0,0.0,0.0,0.0,0.0,normal,Normal,Normal
0,udp,domain_u,SF,74,43,0,0,0,0,0,0,0,0,0,0,0,0,0,0,0,0,155,155,0.0,0.0,0.0,0.0,1.0,0.0,0.0,255,239,0.94,0.01,0.2,0.0,0.0,0.0,0.0,0.0,normal,Normal,Normal
0,tcp,http,SF,302,3615,0,0,0,0,0,1,0,0,0,0,0,0,0,0,0,0,17,17,0.0,0.0,0.0,0.0,1.0,0.0,0.0,255,255,1.0,0.0,0.0,0.0,0.0,0.0,0.0,0.0,normal,Normal,Normal
0,udp,domain_u,SF,44,44,0,0,0,0,0,0,0,0,0,0,0,0,0,0,0,0,3,5,0.0,0.0,0.0,0.0,1.0,0.0,0.4,255,234,0.92,0.01,0.01,0.0,0.0,0.0,0.0,0.0,normal,Normal,Normal
22,tcp,ftp,SF,241,771,0,0,0,4,0,1,0,0,0,0,0,0,0,0,0,1,1,1,0.0,0.0,0.0,0.0,1.0,0.0,0.0,244,68,0.28,0.02,0.0,0.0,0.0,0.0,0.01,0.0,normal,Normal,Normal
0,udp,domain_u,SF,45,45,0,0,0,0,0,0,0,0,0,0,0,0,0,0,0,0,112,112,0.0,0.0,0.0,0.0,1.0,0.0,0.0,255,254,1.0,0.01,0.0,0.0,0.0,0.0,0.0,0.0,normal,Normal,Normal
0,icmp,ecr_i,SF,64,0,0,0,0,0,0,0,0,0,0,0,0,0,0,0,0,0,3,3,0.0,0.0,0.0,0.0,1.0,0.0,0.0,255,3,0.01,0.01,0.01,0.0,0.0,0.0,0.0,0.0,normal,Normal,Normal
0,udp,domain_u,SF,44,131,0,0,0,0,0,0,0,0,0,0,0,0,0,0,0,0,157,237,0.0,0.0,0.0,0.0,1.0,0.0,0.01,255,255,1.0,0.0,0.0,0.0,0.0,0.0,0.0,0.0,normal,Normal,Normal
0,tcp,http,SF,223,315,0,0,0,0,0,1,0,0,0,0,0,0,0,0,0,0,9,9,0.0,0.0,0.0,0.0,1.0,0.0,0.0,255,255,1.0,0.0,0.0,0.0,0.0,0.0,0.0,0.0,normal,Normal,Normal
0,tcp,ftp_data,SF,615,0,0,0,0,0,0,0,0,0,0,0,0,0,0,0,0,0,2,2,0.0,0.0,0.0,0.0,1.0,0.0,0.0,173,16,0.09,0.09,0.09,0.0,0.0,0.0,0.02,0.0,normal,Normal,Normal
0,tcp,http,SF,211,5328,0,0,0,0,0,1,0,0,0,0,0,0,0,0,0,0,29,29,0.0,0.0,0.0,0.0,1.0,0.0,0.0,204,255,1.0,0.0,0.0,0.02,0.0,0.0,0.0,0.0,normal,Normal,Normal
0,tcp,http,SF,222,1512,0,0,0,0,0,1,0,0,0,0,0,0,0,0,0,0,4,4,0.0,0.0,0.0,0.0,1.0,0.0,0.0,255,255,1.0,0.0,0.0,0.0,0.0,0.0,0.0,0.0,normal,Normal,Normal
0,tcp,http,SF,241,1163,0,0,0,0,0,1,0,0,0,0,0,0,0,0,0,0,26,29,0.0,0.0,0.0,0.0,1.0,0.0,0.07,244,255,1.0,0.0,0.0,0.01,0.0,0.0,0.0,0.0,normal,Normal,Normal
0,tcp,http,SF,298,921,0,0,0,0,0,1,0,0,0,0,0,0,0,0,0,0,10,10,0.0,0.0,0.0,0.0,1.0,0.0,0.0,255,255,1.0,0.0,0.01,0.0,0.0,0.0,0.0,0.0,normal,Normal,Normal
0,tcp,smtp,SF,1837,333,0,0,0,0,0,1,0,0,0,0,0,0,0,0,0,0,1,1,0.0,0.0,0.0,0.0,1.0,0.0,0.0,136,146,0.83,0.03,0.01,0.01,0.0,0.0,0.0,0.0,normal,Normal,Normal
0,tcp,http,SF,232,8560,0,0,0,0,0,1,0,0,0,0,0,0,0,0,0,0,3,3,0.0,0.0,0.0,0.0,1.0,0.0,0.0,74,255,1.0,0.0,0.01,0.03,0.01,0.0,0.0,0.0,normal,Normal,Normal
0,udp,domain_u,SF,44,44,0,0,0,0,0,0,0,0,0,0,0,0,0,0,0,0,82,161,0.0,0.0,0.0,0.0,1.0,0.0,0.01,255,252,0.99,0.01,0.01,0.0,0.0,0.0,0.0,0.0,normal,Normal,Normal
0,tcp,http,SF,200,296,0,0,0,0,0,1,0,0,0,0,0,0,0,0,0,0,10,16,0.0,0.0,0.0,0.0,1.0,0.0,0.19,111,255,1.0,0.0,0.01,0.04,0.0,0.0,0.0,0.0,normal,Normal,Normal
0,tcp,http,SF,315,34088,0,0,0,0,0,1,0,0,0,0,0,0,0,0,0,0,7,9,0.0,0.0,0.0,0.0,1.0,0.0,0.22,7,255,1.0,0.0,0.14,0.05,0.0,0.0,0.0,0.0,normal,Normal,Normal
0,tcp,http,SF,271,2633,0,0,0,0,0,1,0,0,0,0,0,0,0,0,0,0,2,3,0.0,0.0,0.0,0.0,1.0,0.0,0.67,79,255,1.0,0.0,0.01,0.02,0.0,0.0,0.0,0.0,normal,Normal,Normal
0,tcp,http,SF,318,1599,0,0,0,0,0,1,0,0,0,0,0,0,0,0,0,0,23,24,0.0,0.0,0.0,0.0,1.0,0.0,0.08,145,255,1.0,0.0,0.01,0.03,0.0,0.0,0.0,0.0,normal,Normal,Normal
0,tcp,http,SF,240,263,0,0,0,0,0,1,0,0,0,0,0,0,0,0,0,0,26,33,0.0,0.0,0.0,0.0,1.0,0.0,0.09,141,255,1.0,0.0,0.01,0.02,0.0,0.0,0.0,0.0,normal,Normal,Normal
0,tcp,http,SF,263,458,0,0,0,0,0,1,0,0,0,0,0,0,0,0,0,0,1,1,0.0,0.0,0.0,0.0,1.0,0.0,0.0,255,255,1.0,0.0,0.0,0.0,0.0,0.0,0.0,0.0,normal,Normal,Normal
0,udp,domain_u,SF,45,45,0,0,0,0,0,0,0,0,0,0,0,0,0,0,0,0,109,109,0.0,0.0,0.0,0.0,1.0,0.0,0.0,255,254,1.0,0.01,0.0,0.0,0.0,0.0,0.0,0.0,normal,Normal,Normal
0,tcp,http,SF,267,9837,0,0,0,0,0,1,0,0,0,0,0,0,0,0,0,0,3,23,0.0,0.0,0.0,0.0,1.0,0.0,0.17,46,255,1.0,0.0,0.02,0.01,0.0,0.0,0.0,0.0,normal,Normal,Normal
0,tcp,smtp,SF,3831,325,0,0,0,0,0,1,0,0,0,0,0,0,0,0,0,0,1,1,0.0,0.0,0.0,0.0,1.0,0.0,0.0,49,138,0.37,0.12,0.02,0.01,0.0,0.0,0.0,0.0,normal,Normal,Normal
0,udp,domain_u,SF,44,44,0,0,0,0,0,0,0,0,0,0,0,0,0,0,0,0,4,6,0.0,0.0,0.0,0.0,1.0,0.0,0.33,255,253,0.99,0.01,0.01,0.0,0.0,0.0,0.0,0.0,normal,Normal,Normal
22,tcp,http,SF,211,1247,0,0,0,1,0,1,0,0,0,0,0,0,0,0,0,0,5,5,0.0,0.0,0.0,0.0,1.0,0.0,0.0,5,255,1.0,0.0,0.2,0.02,0.0,0.0,0.0,0.0,normal,Normal,Normal
0,udp,domain_u,SF,44,126,0,0,0,0,0,0,0,0,0,0,0,0,0,0,0,0,115,194,0.0,0.0,0.0,0.0,1.0,0.0,0.01,255,255,1.0,0.0,0.0,0.0,0.0,0.0,0.0,0.0,normal,Normal,Normal
0,tcp,http,SF,244,608,0,0,0,0,0,1,0,0,0,0,0,0,0,0,0,0,8,8,0.0,0.0,0.0,0.0,1.0,0.0,0.0,255,255,1.0,0.0,0.0,0.0,0.0,0.0,0.0,0.0,normal,Normal,Normal
0,tcp,http,SF,295,1241,0,0,0,0,0,1,0,0,0,0,0,0,0,0,0,0,8,36,0.0,0.0,0.0,0.0,1.0,0.0,0.06,151,255,1.0,0.0,0.01,0.02,0.0,0.0,0.0,0.0,normal,Normal,Normal
0,tcp,http,SF,294,256,0,0,0,0,0,1,0,0,0,0,0,0,0,0,0,0,1,1,0.0,0.0,0.0,0.0,1.0,0.0,0.0,255,224,0.88,0.02,0.0,0.0,0.0,0.0,0.0,0.0,normal,Normal,Normal
0,tcp,http,SF,221,2825,0,0,0,0,0,1,0,0,0,0,0,0,0,0,0,0,9,9,0.0,0.0,0.0,0.0,1.0,0.0,0.0,32,255,1.0,0.0,0.03,0.02,0.0,0.0,0.0,0.0,normal,Normal,Normal
0,tcp,http,SF,305,683,0,0,0,0,0,1,0,0,0,0,0,0,0,0,0,0,2,3,0.0,0.0,0.0,0.0,1.0,0.0,0.67,255,255,1.0,0.0,0.0,0.0,0.0,0.0,0.0,0.0,normal,Normal,Normal
0,udp,domain_u,SF,42,42,0,0,0,0,0,0,0,0,0,0,0,0,0,0,0,0,11,19,0.0,0.0,0.0,0.0,1.0,0.0,0.16,255,248,0.97,0.01,0.0,0.0,0.0,0.0,0.0,0.0,normal,Normal,Normal
0,tcp,ftp_data,SF,7233,0,0,0,0,0,0,0,0,0,0,0,0,0,0,0,0,0,16,16,0.0,0.0,0.0,0.0,1.0,0.0,0.0,33,110,0.82,0.06,0.82,0.02,0.0,0.0,0.0,0.0,normal,Normal,Normal
0,udp,private,SF,105,0,0,0,0,0,0,0,0,0,0,0,0,0,0,0,0,0,5,5,0.0,0.0,0.0,0.0,1.0,0.0,0.0,255,255,1.0,0.0,0.01,0.0,0.0,0.0,0.0,0.0,normal,Normal,Normal
0,tcp,private,REJ,0,0,0,0,0,0,0,0,0,0,0,0,0,0,0,0,0,0,204,3,0.0,0.0,1.0,1.0,0.01,0.07,0.0,255,3,0.01,0.07,0.0,0.0,0.0,0.0,1.0,1.0,neptune,DoS,Attack
0,tcp,login,RSTO,0,0,0,0,0,0,0,0,0,0,0,0,0,0,0,0,0,0,143,10,0.46,0.0,0.54,1.0,0.07,0.06,0.0,255,10,0.04,0.05,0.0,0.0,0.64,0.0,0.36,1.0,neptune,DoS,Attack
0,icmp,ecr_i,SF,1032,0,0,0,0,0,0,0,0,0,0,0,0,0,0,0,0,0,12,12,0.0,0.0,0.0,0.0,1.0,0.0,0.0,255,255,1.0,0.0,1.0,0.0,0.0,0.0,0.0,0.0,smurf,DoS,Attack
0,tcp,login,RSTO,0,0,0,0,0,0,0,0,0,0,0,0,0,0,0,0,0,0,101,9,0.0,0.0,1.0,1.0,0.09,0.07,0.0,255,9,0.04,0.06,0.0,0.0,0.0,0.0,1.0,1.0,neptune,DoS,Attack
0,icmp,ecr_i,SF,1008,0,0,0,0,0,0,0,0,0,0,0,0,0,0,0,0,0,381,381,0.0,0.0,0.0,0.0,1.0,0.0,0.0,255,255,1.0,0.0,1.0,0.0,0.0,0.0,0.0,0.0,smurf,DoS,Attack
0,tcp,private,S0,0,0,0,0,0,0,0,0,0,0,0,0,0,0,0,0,0,0,161,13,1.0,1.0,0.0,0.0,0.08,0.09,0.0,255,13,0.05,0.08,0.0,0.0,1.0,1.0,0.0,0.0,neptune,DoS,Attack
0,tcp,telnet,S3,0,44,0,0,0,0,0,0,0,0,0,0,0,0,0,0,0,0,1,1,1.0,1.0,0.0,0.0,1.0,0.0,0.0,255,149,0.58,0.38,0.0,0.0,0.47,0.81,0.37,0.01,processtable,DoS,Attack
7498,tcp,telnet,SF,0,44,0,0,0,0,0,0,0,0,0,0,0,0,0,0,0,0,1,1,0.0,0.0,0.0,0.0,1.0,0.0,0.0,255,183,0.72,0.26,0.0,0.0,0.5,0.69,0.26,0.01,processtable,DoS,Attack
7424,tcp,telnet,SF,0,44,0,0,0,0,0,0,0,0,0,0,0,0,0,0,0,0,1,1,0.0,0.0,0.0,0.0,1.0,0.0,0.0,255,218,0.85,0.03,0.0,0.0,0.33,0.39,0.12,0.06,processtable,DoS,Attack
0,tcp,ctf,REJ,0,0,0,0,0,0,0,0,0,0,0,0,0,0,0,0,0,0,233,9,0.0,0.0,1.0,1.0,0.04,0.07,0.0,255,9,0.04,0.07,0.0,0.0,0.0,0.0,1.0,1.0,neptune,DoS,Attack
0,tcp,private,REJ,0,0,0,0,0,0,0,0,0,0,0,0,0,0,0,0,0,0,220,2,0.0,0.0,1.0,1.0,0.01,0.08,0.0,255,2,0.01,0.07,0.0,0.0,0.0,0.0,1.0,1.0,neptune,DoS,Attack
2055,tcp,http,RSTR,72564,0,0,0,0,0,0,1,0,0,0,0,0,0,0,0,0,0,12,12,0.0,0.0,1.0,1.0,1.0,0.0,0.0,255,244,0.96,0.01,0.0,0.0,0.02,0.02,0.42,0.44,apache2,DoS,Attack
7362,tcp,telnet,SF,0,44,0,0,0,0,0,0,0,0,0,0,0,0,0,0,0,0,1,1,0.0,0.0,0.0,0.0,1.0,0.0,0.0,255,216,0.85,0.16,0.0,0.0,0.5,0.59,0.15,0.01,processtable,DoS,Attack
0,tcp,login,S0,0,0,0,0,0,0,0,0,0,0,0,0,0,0,0,0,0,0,38,4,1.0,1.0,0.0,0.0,0.11,0.16,0.0,255,4,0.02,0.15,0.0,0.0,1.0,1.0,0.0,0.0,neptune,DoS,Attack
0,tcp,private,S0,0,0,0,0,0,0,0,0,0,0,0,0,0,0,0,0,0,0,281,14,0.38,0.93,0.62,0.07,0.05,0.06,0.0,255,14,0.05,0.07,0.0,0.0,0.42,0.93,0.58,0.07,neptune,DoS,Attack
905,tcp,http,RSTR,59424,1,0,0,0,0,0,1,0,0,0,0,0,0,0,0,0,0,19,19,0.05,0.05,0.89,0.89,1.0,0.0,0.0,255,255,1.0,0.0,0.0,0.0,0.0,0.0,0.07,0.07,apache2,DoS,Attack
0,tcp,private,S0,0,0,0,0,0,0,0,0,0,0,0,0,0,0,0,0,0,0,170,8,1.0,1.0,0.0,0.0,0.05,0.1,0.0,255,8,0.03,0.09,0.0,0.0,1.0,1.0,0.0,0.0,neptune,DoS,Attack
795,tcp,http,RSTR,57964,0,0,0,0,0,0,1,0,0,0,0,0,0,0,0,0,0,20,20,0.0,0.0,1.0,1.0,1.0,0.0,0.0,255,254,1.0,0.01,0.0,0.0,0.01,0.01,0.56,0.57,apache2,DoS,Attack
0,tcp,private,REJ,0,0,0,0,0,0,0,0,0,0,0,0,0,0,0,0,0,0,110,4,0.0,0.0,1.0,1.0,0.04,0.07,0.0,255,4,0.02,0.06,0.0,0.0,0.0,0.0,1.0,1.0,neptune,DoS,Attack
0,tcp,private,REJ,0,0,0,0,0,0,0,0,0,0,0,0,0,0,0,0,0,0,114,10,0.0,0.0,1.0,1.0,0.09,0.08,0.0,255,10,0.04,0.06,0.0,0.0,0.0,0.0,1.0,1.0,neptune,DoS,Attack
0,tcp,ftp,RSTO,0,0,0,0,0,0,0,0,0,0,0,0,0,0,0,0,0,0,226,3,0.0,0.0,1.0,1.0,0.01,0.07,0.0,255,3,0.01,0.07,0.0,0.0,0.0,0.0,1.0,1.0,neptune,DoS,Attack
0,icmp,ecr_i,SF,1008,0,0,0,0,0,0,0,0,0,0,0,0,0,0,0,0,0,303,303,0.0,0.0,0.0,0.0,1.0,0.0,0.0,255,255,1.0,0.0,1.0,0.0,0.0,0.0,0.0,0.0,smurf,DoS,Attack
0,icmp,ecr_i,SF,508,0,0,0,0,0,0,0,0,0,0,0,0,0,0,0,0,0,101,101,0.0,0.0,0.0,0.0,1.0,0.0,0.0,255,255,1.0,0.0,1.0,0.0,0.0,0.0,0.0,0.0,smurf,DoS,Attack
0,tcp,imap4,REJ,0,0,0,0,0,0,0,0,0,0,0,0,0,0,0,0,0,0,278,8,0.0,0.0,1.0,1.0,0.03,0.06,0.0,255,8,0.03,0.06,0.0,0.0,0.0,0.0,1.0,1.0,neptune,DoS,Attack
0,tcp,http,SF,54540,8314,0,0,0,2,0,1,1,0,0,0,0,0,0,0,0,0,4,28,0.0,0.0,0.0,0.0,1.0,0.0,0.07,255,255,1.0,0.0,0.0,0.0,0.0,0.0,0.05,0.05,back,DoS,Attack
0,tcp,private,REJ,0,0,0,0,0,0,0,0,0,0,0,0,0,0,0,0,0,0,121,12,0.0,0.0,1.0,1.0,0.1,0.07,0.0,255,12,0.05,0.06,0.0,0.0,0.0,0.0,1.0,1.0,neptune,DoS,Attack
806,tcp,http,RSTR,56504,0,0,0,0,0,0,1,0,0,0,0,0,0,0,0,0,0,52,52,0.0,0.0,1.0,1.0,1.0,0.0,0.0,255,253,0.99,0.01,0.0,0.0,0.0,0.0,0.24,0.24,apache2,DoS,Attack
0,tcp,vmnet,REJ,0,0,0,0,0,0,0,0,0,0,0,0,0,0,0,0,0,0,249,18,0.0,0.0,1.0,1.0,0.07,0.06,0.0,255,18,0.07,0.06,0.0,0.0,0.0,0.0,1.0,1.0,neptune,DoS,Attack
0,tcp,private,S0,0,0,0,0,0,0,0,0,0,0,0,0,0,0,0,0,0,0,128,10,1.0,1.0,0.0,0.0,0.08,0.07,0.0,255,10,0.04,0.06,0.0,0.0,1.0,1.0,0.0,0.0,neptune,DoS,Attack
0,tcp,private,REJ,0,0,0,0,0,0,0,0,0,0,0,0,0,0,0,0,0,0,232,10,0.0,0.0,1.0,1.0,0.04,0.06,0.0,255,10,0.04,0.07,0.0,0.0,0.0,0.0,1.0,1.0,neptune,DoS,Attack
0,tcp,vmnet,S0,0,0,0,0,0,0,0,0,0,0,0,0,0,0,0,0,0,0,250,2,1.0,1.0,0.0,0.0,0.01,0.07,0.0,255,2,0.01,0.07,0.0,0.0,1.0,1.0,0.0,0.0,neptune,DoS,Attack
8027,tcp,telnet,SF,0,44,0,0,0,0,0,0,0,0,0,0,0,0,0,0,0,0,1,1,0.0,0.0,0.0,0.0,1.0,0.0,0.0,255,98,0.38,0.02,0.0,0.0,0.61,0.44,0.01,0.01,processtable,DoS,Attack
0,tcp,netbios_dgm,S0,0,0,0,0,0,0,0,0,0,0,0,0,0,0,0,0,0,0,130,2,1.0,1.0,0.0,0.0,0.02,0.06,0.0,255,2,0.01,0.05,0.0,0.0,1.0,1.0,0.0,0.0,neptune,DoS,Attack
0,tcp,private,S0,0,0,0,0,0,0,0,0,0,0,0,0,0,0,0,0,0,0,171,14,1.0,1.0,0.0,0.0,0.08,0.08,0.0,255,14,0.05,0.09,0.0,0.0,1.0,1.0,0.0,0.0,neptune,DoS,Attack
0,tcp,private,REJ,0,0,0,0,0,0,0,0,0,0,0,0,0,0,0,0,0,0,147,12,0.0,0.0,1.0,1.0,0.08,0.05,0.0,255,12,0.05,0.05,0.0,0.0,0.0,0.0,1.0,1.0,neptune,DoS,Attack
909,tcp,http,RSTR,1024,0,0,0,0,0,0,1,0,0,0,0,0,0,0,0,0,0,78,78,0.0,0.0,1.0,1.0,1.0,0.0,0.0,255,255,1.0,0.0,0.0,0.0,0.0,0.0,0.41,0.41,apache2,DoS,Attack
0,tcp,private,REJ,0,0,0,0,0,0,0,0,0,0,0,0,0,0,0,0,0,0,114,6,0.0,0.0,1.0,1.0,0.05,0.08,0.0,255,6,0.02,0.06,0.0,0.0,0.0,0.0,1.0,1.0,neptune,DoS,Attack
1,tcp,smtp,SF,2599,293,0,0,0,0,0,1,0,0,0,0,0,0,0,0,0,0,3,2,0.0,0.0,0.33,0.0,0.67,0.67,0.0,255,149,0.58,0.13,0.0,0.0,0.0,0.0,0.4,0.0,mailbomb,DoS,Attack
8204,tcp,telnet,SF,0,15,0,0,0,0,0,0,0,0,0,0,0,0,0,0,0,0,1,1,0.0,0.0,0.0,0.0,1.0,0.0,0.0,255,66,0.26,0.02,0.0,0.0,0.75,0.76,0.01,0.03,processtable,DoS,Attack
0,tcp,private,S0,0,0,0,0,0,0,0,0,0,0,0,0,0,0,0,0,0,0,151,2,1.0,1.0,0.0,0.0,0.01,0.11,0.0,255,2,0.01,0.1,0.0,0.0,1.0,1.0,0.0,0.0,neptune,DoS,Attack
0,tcp,http,SF,54540,8314,0,0,0,2,0,1,1,0,0,0,0,0,0,0,0,0,6,6,0.0,0.0,0.0,0.0,1.0,0.0,0.0,255,239,0.94,0.01,0.0,0.0,0.0,0.0,0.02,0.02,back,DoS,Attack
0,tcp,link,REJ,0,0,0,0,0,0,0,0,0,0,0,0,0,0,0,0,0,0,126,5,0.0,0.0,1.0,1.0,0.04,0.07,0.0,255,5,0.02,0.06,0.0,0.0,0.0,0.0,1.0,1.0,neptune,DoS,Attack
2054,tcp,http,RSTR,72564,0,0,0,0,0,0,1,0,0,0,0,0,0,0,0,0,0,8,8,0.0,0.0,1.0,1.0,1.0,0.0,0.0,255,244,0.96,0.01,0.0,0.0,0.02,0.02,0.38,0.4,apache2,DoS,Attack
0,tcp,private,REJ,0,0,0,0,0,0,0,0,0,0,0,0,0,0,0,0,0,0,128,15,0.0,0.0,1.0,1.0,0.12,0.06,0.0,255,15,0.06,0.06,0.0,0.0,0.0,0.0,1.0,1.0,neptune,DoS,Attack
0,tcp,http,S0,0,0,0,0,0,0,0,0,0,0,0,0,0,0,0,0,0,0,105,105,1.0,1.0,0.0,0.0,1.0,0.0,0.0,255,255,1.0,0.0,0.0,0.0,0.55,0.55,0.43,0.43,apache2,DoS,Attack
0,tcp,private,RSTO,0,0,0,0,0,0,0,0,0,0,0,0,0,0,0,0,0,0,140,17,0.0,0.0,1.0,1.0,0.12,0.06,0.0,255,17,0.07,0.05,0.0,0.0,0.0,0.0,1.0,1.0,neptune,DoS,Attack
0,tcp,telnet,S0,0,0,0,0,0,0,0,0,0,0,0,0,0,0,0,0,0,0,165,20,1.0,1.0,0.0,0.0,0.12,0.08,0.0,255,20,0.08,0.09,0.0,0.0,1.0,1.0,0.0,0.0,neptune,DoS,Attack
2076,tcp,http,RSTR,72128,0,0,0,0,0,0,1,0,0,0,0,0,0,0,0,0,0,11,11,0.0,0.0,1.0,1.0,1.0,0.0,0.0,255,233,0.91,0.02,0.0,0.0,0.0,0.0,0.12,0.13,apache2,DoS,Attack
0,tcp,kshell,REJ,0,0,0,0,0,0,0,0,0,0,0,0,0,0,0,0,0,0,144,20,0.0,0.0,1.0,1.0,0.14,0.06,0.0,255,20,0.08,0.05,0.0,0.0,0.0,0.0,1.0,1.0,neptune,DoS,Attack
0,tcp,private,REJ,0,0,0,0,0,0,0,0,0,0,0,0,0,0,0,0,0,0,102,19,0.0,0.0,1.0,1.0,0.19,0.06,0.0,255,19,0.07,0.05,0.0,0.0,0.0,0.0,1.0,1.0,neptune,DoS,Attack
0,icmp,ecr_i,SF,1032,0,0,0,0,0,0,0,0,0,0,0,0,0,0,0,0,0,106,106,0.0,0.0,0.0,0.0,1.0,0.0,0.0,255,151,0.59,0.39,0.59,0.0,0.08,0.0,0.33,0.0,smurf,DoS,Attack
0,icmp,ecr_i,SF,508,0,0,0,0,0,0,0,0,0,0,0,0,0,0,0,0,0,167,167,0.0,0.0,0.0,0.0,1.0,0.0,0.0,255,255,1.0,0.0,1.0,0.0,0.0,0.0,0.0,0.0,smurf,DoS,Attack
0,tcp,login,RSTO,0,0,0,0,0,0,0,0,0,0,0,0,0,0,0,0,0,0,145,1,0.0,0.0,1.0,1.0,0.01,0.06,0.0,255,1,0.0,0.06,0.0,0.0,0.0,0.0,1.0,1.0,neptune,DoS,Attack
0,tcp,private,REJ,0,0,0,0,0,0,0,0,0,0,0,0,0,0,0,0,0,0,136,1,0.0,0.0,1.0,1.0,0.01,0.07,0.0,255,1,0.0,0.06,0.0,0.0,0.0,0.0,1.0,1.0,neptune,DoS,Attack
0,tcp,private,REJ,0,0,0,0,0,0,0,0,0,0,0,0,0,0,0,0,0,0,278,19,0.0,0.0,1.0,1.0,0.07,0.05,0.0,255,19,0.07,0.06,0.0,0.0,0.0,0.0,1.0,1.0,neptune,DoS,Attack
0,tcp,private,S0,0,0,0,0,0,0,0,0,0,0,0,0,0,0,0,0,0,0,120,8,1.0,1.0,0.0,0.0,0.07,0.07,0.0,255,8,0.03,0.07,0.0,0.0,1.0,1.0,0.0,0.0,neptune,DoS,Attack
1,tcp,smtp,SF,2599,293,0,0,0,0,0,1,0,0,0,0,0,0,0,0,0,0,3,3,0.0,0.0,0.0,0.0,1.0,0.0,0.0,255,220,0.86,0.13,0.0,0.0,0.0,0.0,0.13,0.0,mailbomb,DoS,Attack
0,tcp,bgp,REJ,0,0,0,0,0,0,0,0,0,0,0,0,0,0,0,0,0,0,131,20,0.0,0.0,1.0,1.0,0.15,0.05,0.0,255,20,0.08,0.05,0.0,0.0,0.0,0.0,1.0,1.0,neptune,DoS,Attack
0,tcp,time,RSTO,0,0,0,0,0,0,0,0,0,0,0,0,0,0,0,0,0,0,204,19,0.0,0.0,1.0,1.0,0.09,0.06,0.0,255,19,0.07,0.06,0.0,0.0,0.0,0.0,1.0,1.0,neptune,DoS,Attack
0,tcp,gopher,S0,0,0,0,0,0,0,0,0,0,0,0,0,0,0,0,0,0,0,138,6,1.0,1.0,0.0,0.0,0.04,0.09,0.0,255,6,0.02,0.09,0.0,0.0,1.0,1.0,0.0,0.0,neptune,DoS,Attack
1,tcp,pop_3,RSTO,0,36,0,0,0,0,0,1,0,0,0,0,0,0,0,0,0,0,3,8,0.0,0.0,1.0,0.88,0.33,1.0,1.0,155,59,0.24,0.03,0.01,0.03,0.0,0.0,0.9,1.0,mscan,Probe,Attack
0,tcp,private,SH,0,0,0,0,0,0,0,0,0,0,0,0,0,0,0,0,0,0,1,1,1.0,1.0,0.0,0.0,1.0,0.0,0.0,76,1,0.01,1.0,1.0,0.0,1.0,1.0,0.0,0.0,nmap,Probe,Attack
0,icmp,eco_i,SF,18,0,0,0,0,0,0,0,0,0,0,0,0,0,0,0,0,0,1,1,0.0,0.0,0.0,0.0,1.0,0.0,0.0,1,63,1.0,0.0,1.0,1.0,0.0,0.0,0.0,0.0,ipsweep,Probe,Attack
0,tcp,telnet,S0,0,0,0,0,0,0,0,0,0,0,0,0,0,0,0,0,0,0,1,29,1.0,0.14,0.0,0.72,1.0,0.0,0.79,11,78,0.45,0.27,0.09,0.03,1.0,0.06,0.0,0.63,mscan,Probe,Attack
1,tcp,telnet,SF,24,715,0,0,0,0,0,0,0,0,0,0,0,0,0,0,0,0,3,3,0.0,0.0,0.67,0.33,0.33,1.0,0.67,255,67,0.26,0.02,0.0,0.0,0.0,0.01,0.7,0.69,mscan,Probe,Attack
0,udp,private,SF,1,1,0,0,0,0,0,0,0,0,0,0,0,0,0,0,0,0,115,1,0.0,0.0,0.0,0.0,0.01,0.83,0.0,255,1,0.0,0.53,1.0,0.0,0.0,0.0,0.0,0.0,satan,Probe,Attack
0,tcp,telnet,S0,0,0,0,0,0,0,0,0,0,0,0,0,0,0,0,0,0,0,1,1,1.0,1.0,0.0,0.0,1.0,0.0,0.0,97,85,0.34,0.03,0.01,0.02,1.0,1.0,0.0,0.0,mscan,Probe,Attack
0,tcp,other,REJ,0,0,0,0,0,0,0,0,0,0,0,0,0,0,0,0,0,0,457,1,0.15,0.0,0.85,1.0,0.0,1.0,0.0,255,1,0.0,0.98,0.0,0.0,0.13,0.0,0.87,1.0,satan,Probe,Attack
0,tcp,other,RSTR,0,0,0,0,0,0,0,0,0,0,0,0,0,0,0,0,0,0,1,1,0.0,0.0,1.0,1.0,1.0,0.0,0.0,255,1,0.0,0.12,0.1,0.0,0.0,0.0,0.99,1.0,portsweep,Probe,Attack
0,tcp,private,RSTR,0,0,0,0,0,0,0,0,0,0,0,0,0,0,0,0,0,0,1,1,0.0,0.0,1.0,1.0,1.0,0.0,0.0,255,1,0.0,0.91,0.89,0.0,0.0,0.0,0.89,1.0,portsweep,Probe,Attack
0,tcp,imap4,RSTO,0,44,0,0,0,0,0,0,0,0,0,0,0,0,0,0,0,0,3,3,0.0,0.0,0.67,1.0,0.33,1.0,1.0,255,46,0.18,0.02,0.0,0.0,0.0,0.0,0.65,0.98,mscan,Probe,Attack
0,tcp,other,REJ,0,0,0,0,0,0,0,0,0,0,0,0,0,0,0,0,0,0,489,1,0.14,0.0,0.86,1.0,0.0,1.0,0.0,255,1,0.0,0.98,0.0,0.0,0.12,0.0,0.88,1.0,satan,Probe,Attack
1,tcp,telnet,RSTO,0,3,0,0,0,0,0,0,0,0,0,0,0,0,0,0,0,0,1,11,0.0,0.18,1.0,0.82,1.0,0.0,1.0,255,46,0.18,0.37,0.0,0.0,0.0,0.0,0.18,0.48,mscan,Probe,Attack
0,tcp,imap4,REJ,0,0,0,0,0,0,0,0,0,0,0,0,0,0,0,0,0,0,3,3,0.0,0.0,1.0,1.0,0.33,0.67,1.0,159,64,0.25,0.02,0.01,0.03,0.0,0.0,0.85,1.0,mscan,Probe,Attack
0,tcp,other,REJ,0,0,0,0,0,0,0,0,0,0,0,0,0,0,0,0,0,0,449,1,0.01,0.0,0.99,1.0,0.0,1.0,0.0,255,1,0.0,1.0,0.0,0.0,0.02,0.0,0.98,1.0,satan,Probe,Attack
0,tcp,courier,SH,0,0,0,0,0,0,0,0,0,0,0,0,0,0,0,0,0,0,1,1,1.0,1.0,0.0,0.0,1.0,0.0,0.0,170,1,0.01,1.0,0.99,0.0,0.99,1.0,0.0,0.0,nmap,Probe,Attack
0,tcp,telnet,REJ,0,0,0,0,0,0,0,0,0,0,0,0,0,0,0,0,0,0,1,14,0.0,0.14,1.0,0.79,1.0,0.0,0.93,54,95,0.33,0.09,0.02,0.02,0.0,0.06,0.89,0.61,mscan,Probe,Attack
1,tcp,imap4,RSTO,0,44,0,0,0,0,0,0,0,0,0,0,0,0,0,0,0,0,1,8,0.0,0.0,1.0,1.0,1.0,0.0,1.0,255,27,0.11,0.03,0.0,0.0,0.0,0.0,0.36,0.96,mscan,Probe,Attack
0,tcp,sunrpc,REJ,0,0,0,0,0,0,0,0,0,0,0,0,0,0,0,0,0,0,1,13,0.0,0.0,1.0,1.0,1.0,0.0,1.0,53,45,0.09,0.09,0.02,0.04,0.04,0.0,0.85,1.0,mscan,Probe,Attack
0,tcp,telnet,RSTO,0,12,0,0,0,0,0,0,0,0,0,0,0,0,0,0,0,0,1,4,0.0,0.25,1.0,0.5,1.0,0.0,0.75,50,94,0.42,0.1,0.02,0.02,0.0,0.01,0.18,0.57,mscan,Probe,Attack
0,udp,private,SF,1,1,0,0,0,0,0,0,0,0,0,0,0,0,0,0,0,0,10,9,0.0,0.0,0.0,0.0,0.9,0.2,0.0,255,9,0.04,0.91,0.1,0.0,0.04,0.0,0.84,0.0,saint,Probe,Attack
0,tcp,telnet,REJ,0,0,0,0,0,0,0,0,0,0,0,0,0,0,0,0,0,0,1,5,0.0,0.0,1.0,0.8,1.0,0.0,1.0,122,84,0.33,0.04,0.01,0.02,0.0,0.0,0.89,0.69,mscan,Probe,Attack
0,tcp,private,RSTR,0,0,0,0,0,0,0,0,0,0,0,0,0,0,0,0,0,0,1,1,0.0,0.0,1.0,1.0,1.0,0.0,0.0,255,1,0.0,0.8,0.78,0.0,0.0,0.0,0.79,1.0,portsweep,Probe,Attack
0,tcp,private,REJ,0,0,0,0,0,0,0,0,0,0,0,0,0,0,0,0,0,0,510,1,0.01,0.0,0.96,1.0,0.0,1.0,0.0,255,1,0.0,1.0,0.0,0.0,0.02,0.0,0.97,1.0,satan,Probe,Attack
0,tcp,telnet,S0,0,0,0,0,0,0,0,0,0,0,0,0,0,0,0,0,0,0,1,12,1.0,0.33,0.0,0.67,1.0,0.0,0.92,91,86,0.34,0.03,0.01,0.03,1.0,1.0,0.0,0.0,mscan,Probe,Attack
0,tcp,pop_3,RSTO,0,36,0,0,0,0,0,1,0,0,0,0,0,0,0,0,0,0,1,7,0.0,0.0,1.0,1.0,1.0,0.0,1.0,76,58,0.28,0.07,0.01,0.03,0.0,0.0,0.89,0.98,mscan,Probe,Attack
0,tcp,gopher,RSTO,0,0,0,0,0,0,0,0,0,0,0,0,0,0,0,0,0,0,15,1,0.0,0.0,1.0,1.0,0.07,1.0,0.0,24,1,0.04,0.75,0.62,0.0,0.0,0.0,0.62,1.0,portsweep,Probe,Attack
0,tcp,other,REJ,0,0,0,0,0,0,0,0,0,0,0,0,0,0,0,0,0,0,491,1,0.09,0.0,0.91,1.0,0.0,1.0,0.0,255,1,0.0,1.0,0.0,0.0,0.06,0.0,0.94,1.0,saint,Probe,Attack
0,tcp,other,REJ,0,0,0,0,0,0,0,0,0,0,0,0,0,0,0,0,0,0,491,1,0.1,0.0,0.9,1.0,0.0,1.0,0.0,255,1,0.0,1.0,0.0,0.0,0.07,0.0,0.93,1.0,saint,Probe,Attack
0,tcp,telnet,REJ,0,0,0,0,0,0,0,0,0,0,0,0,0,0,0,0,0,0,1,24,0.0,0.12,1.0,0.75,1.0,0.0,0.83,45,87,0.33,0.11,0.02,0.02,0.0,0.0,0.84,0.7,mscan,Probe,Attack
0,tcp,other,REJ,0,0,0,0,0,0,0,0,0,0,0,0,0,0,0,0,0,0,448,1,0.07,0.0,0.93,1.0,0.0,1.0,0.0,255,1,0.0,1.0,0.0,0.0,0.05,0.0,0.95,1.0,satan,Probe,Attack
1,tcp,imap4,RSTO,0,44,0,0,0,0,0,0,0,0,0,0,0,0,0,0,0,0,2,5,0.0,0.0,1.0,0.8,0.5,1.0,1.0,59,59,0.25,0.08,0.02,0.03,0.0,0.0,0.88,1.0,mscan,Probe,Attack
0,tcp,private,REJ,0,0,0,0,0,0,0,0,0,0,0,0,0,0,0,0,0,0,511,1,0.05,0.0,0.95,1.0,0.0,1.0,0.0,255,1,0.0,1.0,0.01,0.0,0.07,0.0,0.93,1.0,saint,Probe,Attack
0,udp,private,SF,1,0,0,0,0,0,0,0,0,0,0,0,0,0,0,0,0,0,72,6,0.0,0.0,0.0,0.0,0.08,0.57,0.0,255,17,0.07,0.51,0.87,0.0,0.0,0.0,0.13,0.0,satan,Probe,Attack
0,tcp,imap4,S0,0,0,0,0,0,0,0,0,0,0,0,0,0,0,0,0,0,0,1,1,1.0,1.0,0.0,0.0,1.0,0.0,0.0,134,85,0.34,0.02,0.01,0.02,1.0,1.0,0.0,0.0,mscan,Probe,Attack
0,tcp,imap4,REJ,0,0,0,0,0,0,0,0,0,0,0,0,0,0,0,0,0,0,2,3,0.0,0.0,1.0,1.0,0.5,1.0,1.0,255,44,0.17,0.02,0.0,0.0,0.0,0.0,0.56,1.0,mscan,Probe,Attack
0,tcp,private,REJ,0,0,0,0,0,0,0,0,0,0,0,0,0,0,0,0,0,0,308,1,0.06,0.0,0.93,1.0,0.0,1.0,0.0,255,1,0.0,1.0,0.0,0.0,0.03,0.0,0.97,1.0,saint,Probe,Attack
0,icmp,eco_i,SF,20,0,0,0,0,0,0,0,0,0,0,0,0,0,0,0,0,0,1,32,0.0,0.0,0.0,0.0,1.0,0.0,1.0,1,145,1.0,0.0,1.0,0.26,0.0,0.0,0.0,0.0,saint,Probe,Attack
0,icmp,eco_i,SF,20,0,0,0,0,0,0,0,0,0,0,0,0,0,0,0,0,0,1,63,0.0,0.0,0.0,0.0,1.0,0.0,1.0,4,24,1.0,0.0,1.0,0.25,0.0,0.0,0.0,0.0,saint,Probe,Attack
0,tcp,telnet,REJ,0,0,0,0,0,0,0,0,0,0,0,0,0,0,0,0,0,0,4,18,0.0,0.17,1.0,0.67,0.25,1.0,0.83,255,31,0.12,0.03,0.0,0.0,0.0,0.0,0.38,0.87,mscan,Probe,Attack
4,tcp,pop_3,SF,30,93,0,0,0,0,0,1,0,0,0,0,0,0,0,0,0,0,1,1,0.0,0.0,0.0,0.0,1.0,0.0,0.0,255,224,0.88,0.04,0.0,0.0,0.0,0.0,0.0,0.0,guess_passwd,R2L,Attack
4,tcp,pop_3,SF,32,93,0,0,0,0,0,1,0,0,0,0,0,0,0,0,0,0,1,1,0.0,0.0,0.0,0.0,1.0,0.0,0.0,255,152,0.6,0.02,0.0,0.0,0.0,0.0,0.14,0.0,guess_passwd,R2L,Attack
4,tcp,pop_3,SF,32,93,0,0,0,0,0,1,0,0,0,0,0,0,0,0,0,0,1,1,0.0,0.0,0.0,0.0,1.0,0.0,0.0,230,211,0.92,0.01,0.0,0.0,0.0,0.0,0.04,0.0,guess_passwd,R2L,Attack
282,tcp,ftp,SF,162,597,0,0,0,2,0,1,0,0,0,0,0,0,0,0,0,1,1,1,0.0,0.0,0.0,0.0,1.0,0.0,0.0,255,27,0.11,0.03,0.0,0.0,0.47,0.0,0.02,0.0,warezmaster,R2L,Attack
281,tcp,ftp,SF,159,595,0,0,0,2,0,1,0,0,0,0,0,0,0,0,0,1,1,1,0.0,0.0,0.0,0.0,1.0,0.0,0.0,191,62,0.32,0.04,0.01,0.0,0.0,0.0,0.0,0.0,warezmaster,R2L,Attack
0,tcp,auth,SF,9,34,0,0,0,0,0,0,0,0,0,0,0,0,0,0,0,0,1,1,0.0,0.0,0.0,0.0,1.0,0.0,0.0,1,1,1.0,0.0,1.0,0.0,0.0,0.0,0.0,0.0,sendmail,R2L,Attack
0,tcp,telnet,SF,126,174,0,0,0,0,1,0,0,0,0,0,0,0,0,0,0,0,1,1,0.0,0.0,0.0,0.0,1.0,0.0,0.0,255,200,0.78,0.02,0.0,0.0,0.0,0.0,0.02,0.03,guess_passwd,R2L,Attack
5,tcp,pop_3,SF,32,93,0,0,0,0,0,1,0,0,0,0,0,0,0,0,0,0,1,1,0.0,0.0,0.0,0.0,1.0,0.0,0.0,89,76,0.84,0.03,0.01,0.03,0.0,0.0,0.11,0.0,guess_passwd,R2L,Attack
0,tcp,other,SF,240,619,0,0,0,0,0,0,0,0,0,0,0,0,0,0,0,0,2,2,0.0,0.0,0.0,0.0,1.0,0.0,0.0,66,11,0.17,0.08,0.02,0.0,0.0,0.0,0.11,0.64,httptunnel,R2L,Attack
281,tcp,ftp,SF,159,597,0,0,0,2,0,1,0,0,0,0,0,0,0,0,0,1,1,1,0.0,0.0,0.0,0.0,1.0,0.0,0.0,255,1,0.0,0.02,0.0,0.0,0.98,0.0,0.0,0.0,warezmaster,R2L,Attack
0,tcp,telnet,RSTO,124,176,0,0,0,0,1,0,0,0,0,0,0,0,0,0,0,0,1,1,0.0,0.0,1.0,1.0,1.0,0.0,0.0,255,3,0.01,0.02,0.0,0.0,0.0,0.0,0.0,0.33,guess_passwd,R2L,Attack
0,tcp,ftp,SF,26,157,0,0,0,0,1,0,0,0,0,0,0,0,0,0,0,1,1,1,0.0,0.0,0.0,0.0,1.0,0.0,0.0,96,51,0.53,0.04,0.01,0.0,0.0,0.0,0.0,0.0,guess_passwd,R2L,Attack
0,tcp,ftp_data,SF,12,0,0,0,0,0,0,0,0,0,0,0,0,0,0,0,0,0,1,1,0.0,0.0,0.0,0.0,1.0,0.0,0.0,3,21,1.0,0.0,1.0,0.14,0.0,0.0,0.0,0.0,warezmaster,R2L,Attack
0,tcp,telnet,SF,123,178,0,0,0,0,1,0,0,0,0,0,0,0,0,0,0,0,1,1,0.0,0.0,0.0,0.0,1.0,0.0,0.0,29,12,0.41,0.1,0.03,0.0,0.0,0.0,0.14,0.33,guess_passwd,R2L,Attack
283,tcp,ftp,SF,162,597,0,0,0,2,0,1,0,0,0,0,0,0,0,0,0,1,1,1,0.0,0.0,0.0,0.0,1.0,0.0,0.0,25,22,0.88,0.08,0.04,0.0,0.0,0.0,0.0,0.0,warezmaster,R2L,Attack
0,tcp,ftp_data,SF,12,0,0,0,0,0,0,0,0,0,0,0,0,0,0,0,0,0,2,2,0.0,0.0,0.0,0.0,1.0,0.0,0.0,4,12,1.0,0.0,1.0,0.25,0.0,0.0,0.0,0.0,warezmaster,R2L,Attack
1,tcp,telnet,SF,123,174,0,0,0,0,1,0,0,0,0,0,0,0,0,0,0,0,2,2,0.0,0.0,0.5,0.5,1.0,0.0,0.0,255,58,0.23,0.02,0.0,0.0,0.0,0.0,0.01,0.05,guess_passwd,R2L,Attack
0,udp,private,SF,105,105,0,0,0,0,0,0,0,0,0,0,0,0,0,0,0,0,1,1,0.0,0.0,0.0,0.0,1.0,0.0,0.0,255,253,0.99,0.01,0.0,0.0,0.0,0.0,0.0,0.0,snmpgetattack,R2L,Attack
0,udp,private,SF,45,0,0,0,0,0,0,0,0,0,0,0,0,0,0,0,0,0,4,4,0.0,0.0,0.0,0.0,1.0,0.0,0.0,255,255,1.0,0.0,0.01,0.0,0.0,0.0,0.0,0.0,snmpguess,R2L,Attack
280,tcp,ftp_data,SF,283618,0,0,0,0,0,0,0,0,0,0,0,0,0,0,0,0,0,1,1,0.0,0.0,0.0,0.0,1.0,0.0,0.0,1,12,1.0,0.0,1.0,0.33,0.0,0.0,0.0,0.0,warezmaster,R2L,Attack
684,tcp,telnet,SF,2715,13392,0,0,0,1,1,1,8,0,0,3,5,0,0,0,0,0,1,1,0.0,0.0,0.0,0.0,1.0,0.0,0.0,255,14,0.05,0.71,0.0,0.0,0.0,0.0,0.68,0.07,buffer_overflow,U2R,Attack
72,tcp,telnet,SF,2783,15142,0,0,0,10,0,1,2,1,0,0,0,0,0,0,0,0,1,1,0.0,0.0,0.0,0.0,1.0,0.0,0.0,255,56,0.22,0.15,0.0,0.0,0.0,0.0,0.98,0.98,buffer_overflow,U2R,Attack
0,tcp,ftp_data,SF,3346,0,0,0,0,0,0,0,0,0,0,0,0,0,0,0,0,0,1,1,0.0,0.0,0.0,0.0,1.0,0.0,0.0,255,49,0.19,0.03,0.19,0.0,0.32,0.0,0.02,0.0,rootkit,U2R,Attack
54,tcp,ftp,SF,148,643,0,0,0,2,0,1,0,0,0,0,0,0,0,0,0,0,1,1,0.0,0.0,0.0,0.0,1.0,0.0,0.0,192,1,0.01,0.04,0.01,0.0,0.0,0.0,0.0,0.0,rootkit,U2R,Attack
73,tcp,telnet,SF,3222,4004,0,0,2,1,0,1,1,1,0,0,0,0,0,0,0,0,1,1,0.0,0.0,0.0,0.0,1.0,0.0,0.0,9,6,0.67,0.33,0.11,0.0,0.0,0.0,0.0,0.0,xterm,U2R,Attack
31,tcp,telnet,SF,198,1608,0,0,0,1,0,1,1,0,0,1,2,1,0,0,0,0,1,1,0.0,0.0,0.0,0.0,1.0,0.0,0.0,29,3,0.1,0.1,0.03,0.0,0.0,0.0,0.0,0.0,ps,U2R,Attack
58,tcp,telnet,SF,2615,4233,0,0,0,5,0,1,2,1,0,0,0,0,0,0,0,0,1,1,0.0,0.0,0.0,0.0,1.0,0.0,0.0,10,2,0.2,0.2,0.1,0.0,0.0,0.0,0.0,0.0,buffer_overflow,U2R,Attack
62,tcp,telnet,SF,2615,4233,0,0,0,5,0,1,2,1,0,0,0,0,0,0,0,0,1,1,0.0,0.0,0.0,0.0,1.0,0.0,0.0,255,1,0.0,0.07,0.0,0.0,1.0,0.0,0.0,0.0,buffer_overflow,U2R,Attack
84,tcp,telnet,SF,2742,5433,0,0,0,6,0,1,5,1,0,1,1,1,0,0,0,0,1,1,0.0,0.0,0.0,0.0,1.0,0.0,0.0,255,1,0.0,0.01,0.0,0.0,0.0,0.0,0.0,0.0,buffer_overflow,U2R,Attack
61,tcp,telnet,SF,195,2051,0,0,0,1,0,1,0,0,0,0,2,1,0,0,0,0,1,1,0.0,0.0,0.0,0.0,1.0,0.0,0.0,97,29,0.3,0.03,0.01,0.0,0.01,0.03,0.0,0.0,ps,U2R,Attack
